-- Datos QA para pruebas de flujo
-- Sección: unidades

INSERT INTO unidades (nombre, descripcion) VALUES
    ('Administración', 'Gestión administrativa municipal'),
    ('Finanzas', 'Gestión presupuestaria y contable'),
    ('Recursos Humanos', 'Gestión de personal y bienestar'),
    ('DIDECO', 'Desarrollo comunitario'),
    ('SECPLAN', 'Planificación comunal'),
    ('Tránsito', 'Permisos y gestión vial'),
    ('Obras Municipales', 'Permisos y fiscalización de obras'),
    ('Salud', 'Coordinación de atención primaria'),
    ('Educación', 'Gestión educativa comunal'),
    ('Medio Ambiente', 'Programas y fiscalización ambiental'),
    ('Cultura', 'Actividades culturales'),
    ('Deportes', 'Programas deportivos'),
    ('Seguridad', 'Prevención y seguridad pública'),
    ('Turismo', 'Promoción turística'),
    ('Vivienda', 'Programas habitacionales'),
    ('Fomento Productivo', 'Apoyo a emprendedores'),
    ('Adulto Mayor', 'Programas para personas mayores'),
    ('Infancia', 'Programas de infancia'),
    ('Juventud', 'Programas juveniles'),
    ('Participación Ciudadana', 'Vinculación con la comunidad');

INSERT INTO roles (nombre, descripcion, estado) VALUES
    ('Administrador General', 'Rol 1 para QA', 1),
    ('Encargado de Finanzas', 'Rol 2 para QA', 1),
    ('Jefe de Recursos Humanos', 'Rol 3 para QA', 1),
    ('Encargado DIDECO', 'Rol 4 para QA', 1),
    ('Planificador SECPLAN', 'Rol 5 para QA', 1),
    ('Coordinador de Tránsito', 'Rol 6 para QA', 1),
    ('Inspector de Obras', 'Rol 7 para QA', 1),
    ('Coordinador de Salud', 'Rol 8 para QA', 1),
    ('Director de Educación', 'Rol 9 para QA', 1),
    ('Gestor Ambiental', 'Rol 10 para QA', 1),
    ('Encargado de Cultura', 'Rol 11 para QA', 1),
    ('Encargado de Deportes', 'Rol 12 para QA', 1),
    ('Encargado de Seguridad', 'Rol 13 para QA', 1),
    ('Encargado de Turismo', 'Rol 14 para QA', 1),
    ('Encargado de Vivienda', 'Rol 15 para QA', 1),
    ('Encargado Fomento', 'Rol 16 para QA', 1),
    ('Encargado Adulto Mayor', 'Rol 17 para QA', 1),
    ('Encargado de Infancia', 'Rol 18 para QA', 1),
    ('Encargado de Juventud', 'Rol 19 para QA', 1),
    ('Encargado Participación', 'Rol 20 para QA', 1);

INSERT INTO users (rut, nombre, apellido, correo, telefono, direccion, username, rol, password_hash, estado) VALUES
    ('101.000.001-1', 'Camila', 'González', 'camila.gonzalez@municipalidad.cl', '+56 9 5000 0001', 'Av. Municipal 1', 'usuario1', 'Administrador General', '$2y$12$nNyFQLLuFHy7yjLILUTlIO3NQ96Vw5rS90YCDml1ZKINCPv7Lvshe', 1),
    ('102.000.002-2', 'Diego', 'Muñoz', 'diego.munoz@municipalidad.cl', '+56 9 5000 0002', 'Av. Municipal 2', 'usuario2', 'Encargado de Finanzas', '$2y$12$nNyFQLLuFHy7yjLILUTlIO3NQ96Vw5rS90YCDml1ZKINCPv7Lvshe', 1),
    ('103.000.003-3', 'Valentina', 'Rojas', 'valentina.rojas@municipalidad.cl', '+56 9 5000 0003', 'Av. Municipal 3', 'usuario3', 'Jefe de Recursos Humanos', '$2y$12$nNyFQLLuFHy7yjLILUTlIO3NQ96Vw5rS90YCDml1ZKINCPv7Lvshe', 1),
    ('104.000.004-4', 'Matías', 'Díaz', 'matias.diaz@municipalidad.cl', '+56 9 5000 0004', 'Av. Municipal 4', 'usuario4', 'Encargado DIDECO', '$2y$12$nNyFQLLuFHy7yjLILUTlIO3NQ96Vw5rS90YCDml1ZKINCPv7Lvshe', 1),
    ('105.000.005-5', 'Fernanda', 'Pérez', 'fernanda.perez@municipalidad.cl', '+56 9 5000 0005', 'Av. Municipal 5', 'usuario5', 'Planificador SECPLAN', '$2y$12$nNyFQLLuFHy7yjLILUTlIO3NQ96Vw5rS90YCDml1ZKINCPv7Lvshe', 1),
    ('106.000.006-6', 'Sebastián', 'Soto', 'sebastian.soto@municipalidad.cl', '+56 9 5000 0006', 'Av. Municipal 6', 'usuario6', 'Coordinador de Tránsito', '$2y$12$nNyFQLLuFHy7yjLILUTlIO3NQ96Vw5rS90YCDml1ZKINCPv7Lvshe', 1),
    ('107.000.007-7', 'Constanza', 'Contreras', 'constanza.contreras@municipalidad.cl', '+56 9 5000 0007', 'Av. Municipal 7', 'usuario7', 'Inspector de Obras', '$2y$12$nNyFQLLuFHy7yjLILUTlIO3NQ96Vw5rS90YCDml1ZKINCPv7Lvshe', 1),
    ('108.000.008-8', 'Javiera', 'Silva', 'javiera.silva@municipalidad.cl', '+56 9 5000 0008', 'Av. Municipal 8', 'usuario8', 'Coordinador de Salud', '$2y$12$nNyFQLLuFHy7yjLILUTlIO3NQ96Vw5rS90YCDml1ZKINCPv7Lvshe', 1),
    ('109.000.009-0', 'Rodrigo', 'Martínez', 'rodrigo.martinez@municipalidad.cl', '+56 9 5000 0009', 'Av. Municipal 9', 'usuario9', 'Director de Educación', '$2y$12$nNyFQLLuFHy7yjLILUTlIO3NQ96Vw5rS90YCDml1ZKINCPv7Lvshe', 1),
    ('110.000.010-1', 'Francisca', 'Sepúlveda', 'francisca.sepulveda@municipalidad.cl', '+56 9 5000 0010', 'Av. Municipal 10', 'usuario10', 'Gestor Ambiental', '$2y$12$nNyFQLLuFHy7yjLILUTlIO3NQ96Vw5rS90YCDml1ZKINCPv7Lvshe', 1),
    ('111.000.011-2', 'Cristóbal', 'Morales', 'cristobal.morales@municipalidad.cl', '+56 9 5000 0011', 'Av. Municipal 11', 'usuario11', 'Encargado de Cultura', '$2y$12$nNyFQLLuFHy7yjLILUTlIO3NQ96Vw5rS90YCDml1ZKINCPv7Lvshe', 1),
    ('112.000.012-3', 'Daniela', 'Rodríguez', 'daniela.rodriguez@municipalidad.cl', '+56 9 5000 0012', 'Av. Municipal 12', 'usuario12', 'Encargado de Deportes', '$2y$12$nNyFQLLuFHy7yjLILUTlIO3NQ96Vw5rS90YCDml1ZKINCPv7Lvshe', 1),
    ('113.000.013-4', 'Tomás', 'López', 'tomas.lopez@municipalidad.cl', '+56 9 5000 0013', 'Av. Municipal 13', 'usuario13', 'Encargado de Seguridad', '$2y$12$nNyFQLLuFHy7yjLILUTlIO3NQ96Vw5rS90YCDml1ZKINCPv7Lvshe', 1),
    ('114.000.014-5', 'Paula', 'Fuentes', 'paula.fuentes@municipalidad.cl', '+56 9 5000 0014', 'Av. Municipal 14', 'usuario14', 'Encargado de Turismo', '$2y$12$nNyFQLLuFHy7yjLILUTlIO3NQ96Vw5rS90YCDml1ZKINCPv7Lvshe', 1),
    ('115.000.015-6', 'Ignacio', 'Hernández', 'ignacio.hernandez@municipalidad.cl', '+56 9 5000 0015', 'Av. Municipal 15', 'usuario15', 'Encargado de Vivienda', '$2y$12$nNyFQLLuFHy7yjLILUTlIO3NQ96Vw5rS90YCDml1ZKINCPv7Lvshe', 1),
    ('116.000.016-7', 'Macarena', 'Torres', 'macarena.torres@municipalidad.cl', '+56 9 5000 0016', 'Av. Municipal 16', 'usuario16', 'Encargado Fomento', '$2y$12$nNyFQLLuFHy7yjLILUTlIO3NQ96Vw5rS90YCDml1ZKINCPv7Lvshe', 1),
    ('117.000.017-8', 'Felipe', 'Araya', 'felipe.araya@municipalidad.cl', '+56 9 5000 0017', 'Av. Municipal 17', 'usuario17', 'Encargado Adulto Mayor', '$2y$12$nNyFQLLuFHy7yjLILUTlIO3NQ96Vw5rS90YCDml1ZKINCPv7Lvshe', 1),
    ('118.000.018-0', 'Daniel', 'Flores', 'daniel.flores@municipalidad.cl', '+56 9 5000 0018', 'Av. Municipal 18', 'usuario18', 'Encargado de Infancia', '$2y$12$nNyFQLLuFHy7yjLILUTlIO3NQ96Vw5rS90YCDml1ZKINCPv7Lvshe', 1),
    ('119.000.019-1', 'María', 'Castillo', 'maria.castillo@municipalidad.cl', '+56 9 5000 0019', 'Av. Municipal 19', 'usuario19', 'Encargado de Juventud', '$2y$12$nNyFQLLuFHy7yjLILUTlIO3NQ96Vw5rS90YCDml1ZKINCPv7Lvshe', 1),
    ('120.000.020-2', 'José', 'Vargas', 'jose.vargas@municipalidad.cl', '+56 9 5000 0020', 'Av. Municipal 20', 'usuario20', 'Encargado Participación', '$2y$12$nNyFQLLuFHy7yjLILUTlIO3NQ96Vw5rS90YCDml1ZKINCPv7Lvshe', 1);

INSERT INTO permissions (modulo, accion, descripcion) VALUES
    ('modulo1', 'accion1', 'Permiso QA 1'),
    ('modulo2', 'accion2', 'Permiso QA 2'),
    ('modulo3', 'accion3', 'Permiso QA 3'),
    ('modulo4', 'accion4', 'Permiso QA 4'),
    ('modulo5', 'accion5', 'Permiso QA 5'),
    ('modulo6', 'accion6', 'Permiso QA 6'),
    ('modulo7', 'accion7', 'Permiso QA 7'),
    ('modulo8', 'accion8', 'Permiso QA 8'),
    ('modulo9', 'accion9', 'Permiso QA 9'),
    ('modulo10', 'accion10', 'Permiso QA 10'),
    ('modulo11', 'accion11', 'Permiso QA 11'),
    ('modulo12', 'accion12', 'Permiso QA 12'),
    ('modulo13', 'accion13', 'Permiso QA 13'),
    ('modulo14', 'accion14', 'Permiso QA 14'),
    ('modulo15', 'accion15', 'Permiso QA 15'),
    ('modulo16', 'accion16', 'Permiso QA 16'),
    ('modulo17', 'accion17', 'Permiso QA 17'),
    ('modulo18', 'accion18', 'Permiso QA 18'),
    ('modulo19', 'accion19', 'Permiso QA 19'),
    ('modulo20', 'accion20', 'Permiso QA 20');

INSERT INTO event_types (nombre, color_class) VALUES
    ('Tipo QA 1', 'bg-primary-subtle text-primary'),
    ('Tipo QA 2', 'bg-secondary-subtle text-secondary'),
    ('Tipo QA 3', 'bg-success-subtle text-success'),
    ('Tipo QA 4', 'bg-warning-subtle text-warning'),
    ('Tipo QA 5', 'bg-danger-subtle text-danger'),
    ('Tipo QA 6', 'bg-info-subtle text-info'),
    ('Tipo QA 7', 'bg-dark-subtle text-dark'),
    ('Tipo QA 8', 'bg-primary-subtle text-primary'),
    ('Tipo QA 9', 'bg-secondary-subtle text-secondary'),
    ('Tipo QA 10', 'bg-success-subtle text-success'),
    ('Tipo QA 11', 'bg-warning-subtle text-warning'),
    ('Tipo QA 12', 'bg-danger-subtle text-danger'),
    ('Tipo QA 13', 'bg-info-subtle text-info'),
    ('Tipo QA 14', 'bg-dark-subtle text-dark'),
    ('Tipo QA 15', 'bg-primary-subtle text-primary'),
    ('Tipo QA 16', 'bg-secondary-subtle text-secondary'),
    ('Tipo QA 17', 'bg-success-subtle text-success'),
    ('Tipo QA 18', 'bg-warning-subtle text-warning'),
    ('Tipo QA 19', 'bg-danger-subtle text-danger'),
    ('Tipo QA 20', 'bg-info-subtle text-info');

INSERT INTO events (titulo, descripcion, ubicacion, fecha_inicio, fecha_fin, tipo, cupos, publico_objetivo, estado, aprobacion_estado, habilitado, unidad_id, creado_por, encargado_id) VALUES
    ('Operativo de Salud', 'Actividad planificada 1 para la comunidad.', 'Sala 1', '2025-02-01 09:00:00', '2025-02-01 11:00:00', 'Tipo QA 1', 21, 'Comunidad', 'publicado', 'publicado', 1, 1, 1, 1),
    ('Feria de Emprendimiento', 'Actividad planificada 2 para la comunidad.', 'Sala 2', '2025-02-02 09:00:00', '2025-02-02 11:00:00', 'Tipo QA 2', 22, 'Comunidad', 'publicado', 'publicado', 1, 2, 2, 2),
    ('Cabildo Vecinal', 'Actividad planificada 3 para la comunidad.', 'Sala 3', '2025-02-03 09:00:00', '2025-02-03 11:00:00', 'Tipo QA 3', 23, 'Comunidad', 'publicado', 'publicado', 1, 3, 3, 3),
    ('Taller de Prevención', 'Actividad planificada 4 para la comunidad.', 'Sala 4', '2025-02-04 09:00:00', '2025-02-04 11:00:00', 'Tipo QA 4', 24, 'Comunidad', 'publicado', 'publicado', 1, 4, 4, 4),
    ('Feria Costumbrista', 'Actividad planificada 5 para la comunidad.', 'Sala 5', '2025-02-05 09:00:00', '2025-02-05 11:00:00', 'Tipo QA 5', 25, 'Comunidad', 'publicado', 'publicado', 1, 5, 5, 5),
    ('Campaña de Reciclaje', 'Actividad planificada 6 para la comunidad.', 'Sala 6', '2025-02-06 09:00:00', '2025-02-06 11:00:00', 'Tipo QA 6', 26, 'Comunidad', 'publicado', 'publicado', 1, 6, 6, 6),
    ('Encuentro Deportivo', 'Actividad planificada 7 para la comunidad.', 'Sala 7', '2025-02-07 09:00:00', '2025-02-07 11:00:00', 'Tipo QA 7', 27, 'Comunidad', 'publicado', 'publicado', 1, 7, 7, 7),
    ('Charla Comunitaria', 'Actividad planificada 8 para la comunidad.', 'Sala 8', '2025-02-08 09:00:00', '2025-02-08 11:00:00', 'Tipo QA 8', 28, 'Comunidad', 'publicado', 'publicado', 1, 8, 8, 8),
    ('Festival Cultural', 'Actividad planificada 9 para la comunidad.', 'Sala 9', '2025-02-09 09:00:00', '2025-02-09 11:00:00', 'Tipo QA 9', 29, 'Comunidad', 'publicado', 'publicado', 1, 9, 9, 9),
    ('Operativo Veterinario', 'Actividad planificada 10 para la comunidad.', 'Sala 10', '2025-02-10 09:00:00', '2025-02-10 11:00:00', 'Tipo QA 10', 30, 'Comunidad', 'publicado', 'publicado', 1, 10, 10, 10),
    ('Expo Educativa', 'Actividad planificada 11 para la comunidad.', 'Sala 11', '2025-02-11 09:00:00', '2025-02-11 11:00:00', 'Tipo QA 11', 31, 'Comunidad', 'publicado', 'publicado', 1, 11, 11, 11),
    ('Reunión de Seguridad', 'Actividad planificada 12 para la comunidad.', 'Sala 12', '2025-02-12 09:00:00', '2025-02-12 11:00:00', 'Tipo QA 12', 32, 'Comunidad', 'publicado', 'publicado', 1, 12, 12, 12),
    ('Jornada de Participación', 'Actividad planificada 13 para la comunidad.', 'Sala 13', '2025-02-13 09:00:00', '2025-02-13 11:00:00', 'Tipo QA 13', 33, 'Comunidad', 'publicado', 'publicado', 1, 13, 13, 13),
    ('Operativo Social', 'Actividad planificada 14 para la comunidad.', 'Sala 14', '2025-02-14 09:00:00', '2025-02-14 11:00:00', 'Tipo QA 14', 34, 'Comunidad', 'publicado', 'publicado', 1, 14, 14, 14),
    ('Capacitación Municipal', 'Actividad planificada 15 para la comunidad.', 'Sala 15', '2025-02-15 09:00:00', '2025-02-15 11:00:00', 'Tipo QA 15', 35, 'Comunidad', 'publicado', 'publicado', 1, 15, 15, 15),
    ('Feria Laboral', 'Actividad planificada 16 para la comunidad.', 'Sala 16', '2025-02-16 09:00:00', '2025-02-16 11:00:00', 'Tipo QA 16', 36, 'Comunidad', 'publicado', 'publicado', 1, 16, 16, 16),
    ('Reunión de Coordinación', 'Actividad planificada 17 para la comunidad.', 'Sala 17', '2025-02-17 09:00:00', '2025-02-17 11:00:00', 'Tipo QA 17', 37, 'Comunidad', 'publicado', 'publicado', 1, 17, 17, 17),
    ('Encuentro de Adulto Mayor', 'Actividad planificada 18 para la comunidad.', 'Sala 18', '2025-02-18 09:00:00', '2025-02-18 11:00:00', 'Tipo QA 18', 38, 'Comunidad', 'publicado', 'publicado', 1, 18, 18, 18),
    ('Actividad Infantil', 'Actividad planificada 19 para la comunidad.', 'Sala 19', '2025-02-19 09:00:00', '2025-02-19 11:00:00', 'Tipo QA 19', 39, 'Comunidad', 'publicado', 'publicado', 1, 19, 19, 19),
    ('Mesa Territorial', 'Actividad planificada 20 para la comunidad.', 'Sala 20', '2025-02-20 09:00:00', '2025-02-20 11:00:00', 'Tipo QA 20', 40, 'Comunidad', 'publicado', 'publicado', 1, 20, 20, 20);

INSERT INTO authorities (nombre, tipo, correo, telefono, fecha_inicio, fecha_fin, estado, aprobacion_estado, unidad_id) VALUES
    ('Camila González', 'Alcalde', 'camila.gonzalez@municipalidad.cl', '+56 9 4000 0001', '2024-01-02', NULL, 1, 'vigente', 1),
    ('Diego Muñoz', 'Concejal', 'diego.munoz@municipalidad.cl', '+56 9 4000 0002', '2024-01-03', NULL, 1, 'vigente', 2),
    ('Valentina Rojas', 'Director', 'valentina.rojas@municipalidad.cl', '+56 9 4000 0003', '2024-01-04', NULL, 1, 'vigente', 3),
    ('Matías Díaz', 'Coordinador', 'matias.diaz@municipalidad.cl', '+56 9 4000 0004', '2024-01-05', NULL, 1, 'vigente', 4),
    ('Fernanda Pérez', 'Encargado', 'fernanda.perez@municipalidad.cl', '+56 9 4000 0005', '2024-01-06', NULL, 1, 'vigente', 5),
    ('Sebastián Soto', 'Jefe de Unidad', 'sebastian.soto@municipalidad.cl', '+56 9 4000 0006', '2024-01-07', NULL, 1, 'vigente', 6),
    ('Constanza Contreras', 'Secretario Municipal', 'constanza.contreras@municipalidad.cl', '+56 9 4000 0007', '2024-01-08', NULL, 1, 'vigente', 7),
    ('Javiera Silva', 'Administrador', 'javiera.silva@municipalidad.cl', '+56 9 4000 0008', '2024-01-09', NULL, 1, 'vigente', 8),
    ('Rodrigo Martínez', 'Inspector', 'rodrigo.martinez@municipalidad.cl', '+56 9 4000 0009', '2024-01-10', NULL, 1, 'vigente', 9),
    ('Francisca Sepúlveda', 'Asesor', 'francisca.sepulveda@municipalidad.cl', '+56 9 4000 0010', '2024-01-11', NULL, 1, 'vigente', 10),
    ('Cristóbal Morales', 'Alcalde', 'cristobal.morales@municipalidad.cl', '+56 9 4000 0011', '2024-01-12', NULL, 1, 'vigente', 11),
    ('Daniela Rodríguez', 'Concejal', 'daniela.rodriguez@municipalidad.cl', '+56 9 4000 0012', '2024-01-13', NULL, 1, 'vigente', 12),
    ('Tomás López', 'Director', 'tomas.lopez@municipalidad.cl', '+56 9 4000 0013', '2024-01-14', NULL, 1, 'vigente', 13),
    ('Paula Fuentes', 'Coordinador', 'paula.fuentes@municipalidad.cl', '+56 9 4000 0014', '2024-01-15', NULL, 1, 'vigente', 14),
    ('Ignacio Hernández', 'Encargado', 'ignacio.hernandez@municipalidad.cl', '+56 9 4000 0015', '2024-01-16', NULL, 1, 'vigente', 15),
    ('Macarena Torres', 'Jefe de Unidad', 'macarena.torres@municipalidad.cl', '+56 9 4000 0016', '2024-01-17', NULL, 1, 'vigente', 16),
    ('Felipe Araya', 'Secretario Municipal', 'felipe.araya@municipalidad.cl', '+56 9 4000 0017', '2024-01-18', NULL, 1, 'vigente', 17),
    ('Daniel Flores', 'Administrador', 'daniel.flores@municipalidad.cl', '+56 9 4000 0018', '2024-01-19', NULL, 1, 'vigente', 18),
    ('María Castillo', 'Inspector', 'maria.castillo@municipalidad.cl', '+56 9 4000 0019', '2024-01-20', NULL, 1, 'vigente', 19),
    ('José Vargas', 'Asesor', 'jose.vargas@municipalidad.cl', '+56 9 4000 0020', '2024-01-21', NULL, 1, 'vigente', 20);

INSERT INTO event_authorities (event_id, authority_id) VALUES
    (1, 1),
    (2, 2),
    (3, 3),
    (4, 4),
    (5, 5),
    (6, 6),
    (7, 7),
    (8, 8),
    (9, 9),
    (10, 10),
    (11, 11),
    (12, 12),
    (13, 13),
    (14, 14),
    (15, 15),
    (16, 16),
    (17, 17),
    (18, 18),
    (19, 19),
    (20, 20);

INSERT INTO event_authority_requests (event_id, destinatario_nombre, destinatario_correo, token, correo_enviado, estado, responded_at) VALUES
    (1, 'Camila González', 'camila.gonzalez@municipalidad.cl', 'reqtoken01', 1, 'respondido', NOW()),
    (2, 'Diego Muñoz', 'diego.munoz@municipalidad.cl', 'reqtoken02', 1, 'respondido', NOW()),
    (3, 'Valentina Rojas', 'valentina.rojas@municipalidad.cl', 'reqtoken03', 1, 'respondido', NOW()),
    (4, 'Matías Díaz', 'matias.diaz@municipalidad.cl', 'reqtoken04', 1, 'respondido', NOW()),
    (5, 'Fernanda Pérez', 'fernanda.perez@municipalidad.cl', 'reqtoken05', 1, 'respondido', NOW()),
    (6, 'Sebastián Soto', 'sebastian.soto@municipalidad.cl', 'reqtoken06', 1, 'respondido', NOW()),
    (7, 'Constanza Contreras', 'constanza.contreras@municipalidad.cl', 'reqtoken07', 1, 'pendiente', NULL),
    (8, 'Javiera Silva', 'javiera.silva@municipalidad.cl', 'reqtoken08', 1, 'pendiente', NULL),
    (9, 'Rodrigo Martínez', 'rodrigo.martinez@municipalidad.cl', 'reqtoken09', 1, 'pendiente', NULL),
    (10, 'Francisca Sepúlveda', 'francisca.sepulveda@municipalidad.cl', 'reqtoken10', 1, 'pendiente', NULL);

INSERT INTO event_authority_confirmations (request_id, authority_id) VALUES
    (1, 1),
    (2, 2),
    (3, 3),
    (4, 4),
    (5, 5),
    (6, 6),
    (7, 7),
    (8, 8),
    (9, 9),
    (10, 10);

INSERT INTO event_attachments (event_id, archivo_nombre, archivo_ruta, archivo_tipo, subido_por) VALUES
    (1, 'adjunto_evento_1.pdf', 'uploads/eventos/adjunto_evento_1.pdf', 'application/pdf', 1),
    (2, 'adjunto_evento_2.pdf', 'uploads/eventos/adjunto_evento_2.pdf', 'application/pdf', 2),
    (3, 'adjunto_evento_3.pdf', 'uploads/eventos/adjunto_evento_3.pdf', 'application/pdf', 3),
    (4, 'adjunto_evento_4.pdf', 'uploads/eventos/adjunto_evento_4.pdf', 'application/pdf', 4),
    (5, 'adjunto_evento_5.pdf', 'uploads/eventos/adjunto_evento_5.pdf', 'application/pdf', 5),
    (6, 'adjunto_evento_6.pdf', 'uploads/eventos/adjunto_evento_6.pdf', 'application/pdf', 6),
    (7, 'adjunto_evento_7.pdf', 'uploads/eventos/adjunto_evento_7.pdf', 'application/pdf', 7),
    (8, 'adjunto_evento_8.pdf', 'uploads/eventos/adjunto_evento_8.pdf', 'application/pdf', 8),
    (9, 'adjunto_evento_9.pdf', 'uploads/eventos/adjunto_evento_9.pdf', 'application/pdf', 9),
    (10, 'adjunto_evento_10.pdf', 'uploads/eventos/adjunto_evento_10.pdf', 'application/pdf', 10),
    (11, 'adjunto_evento_11.pdf', 'uploads/eventos/adjunto_evento_11.pdf', 'application/pdf', 11),
    (12, 'adjunto_evento_12.pdf', 'uploads/eventos/adjunto_evento_12.pdf', 'application/pdf', 12),
    (13, 'adjunto_evento_13.pdf', 'uploads/eventos/adjunto_evento_13.pdf', 'application/pdf', 13),
    (14, 'adjunto_evento_14.pdf', 'uploads/eventos/adjunto_evento_14.pdf', 'application/pdf', 14),
    (15, 'adjunto_evento_15.pdf', 'uploads/eventos/adjunto_evento_15.pdf', 'application/pdf', 15),
    (16, 'adjunto_evento_16.pdf', 'uploads/eventos/adjunto_evento_16.pdf', 'application/pdf', 16),
    (17, 'adjunto_evento_17.pdf', 'uploads/eventos/adjunto_evento_17.pdf', 'application/pdf', 17),
    (18, 'adjunto_evento_18.pdf', 'uploads/eventos/adjunto_evento_18.pdf', 'application/pdf', 18),
    (19, 'adjunto_evento_19.pdf', 'uploads/eventos/adjunto_evento_19.pdf', 'application/pdf', 19),
    (20, 'adjunto_evento_20.pdf', 'uploads/eventos/adjunto_evento_20.pdf', 'application/pdf', 20);

INSERT INTO authority_attachments (authority_id, archivo_nombre, archivo_ruta, archivo_tipo, subido_por) VALUES
    (1, 'adjunto_autoridad_1.pdf', 'uploads/autoridades/adjunto_autoridad_1.pdf', 'application/pdf', 1),
    (2, 'adjunto_autoridad_2.pdf', 'uploads/autoridades/adjunto_autoridad_2.pdf', 'application/pdf', 2),
    (3, 'adjunto_autoridad_3.pdf', 'uploads/autoridades/adjunto_autoridad_3.pdf', 'application/pdf', 3),
    (4, 'adjunto_autoridad_4.pdf', 'uploads/autoridades/adjunto_autoridad_4.pdf', 'application/pdf', 4),
    (5, 'adjunto_autoridad_5.pdf', 'uploads/autoridades/adjunto_autoridad_5.pdf', 'application/pdf', 5),
    (6, 'adjunto_autoridad_6.pdf', 'uploads/autoridades/adjunto_autoridad_6.pdf', 'application/pdf', 6),
    (7, 'adjunto_autoridad_7.pdf', 'uploads/autoridades/adjunto_autoridad_7.pdf', 'application/pdf', 7),
    (8, 'adjunto_autoridad_8.pdf', 'uploads/autoridades/adjunto_autoridad_8.pdf', 'application/pdf', 8),
    (9, 'adjunto_autoridad_9.pdf', 'uploads/autoridades/adjunto_autoridad_9.pdf', 'application/pdf', 9),
    (10, 'adjunto_autoridad_10.pdf', 'uploads/autoridades/adjunto_autoridad_10.pdf', 'application/pdf', 10),
    (11, 'adjunto_autoridad_11.pdf', 'uploads/autoridades/adjunto_autoridad_11.pdf', 'application/pdf', 11),
    (12, 'adjunto_autoridad_12.pdf', 'uploads/autoridades/adjunto_autoridad_12.pdf', 'application/pdf', 12),
    (13, 'adjunto_autoridad_13.pdf', 'uploads/autoridades/adjunto_autoridad_13.pdf', 'application/pdf', 13),
    (14, 'adjunto_autoridad_14.pdf', 'uploads/autoridades/adjunto_autoridad_14.pdf', 'application/pdf', 14),
    (15, 'adjunto_autoridad_15.pdf', 'uploads/autoridades/adjunto_autoridad_15.pdf', 'application/pdf', 15),
    (16, 'adjunto_autoridad_16.pdf', 'uploads/autoridades/adjunto_autoridad_16.pdf', 'application/pdf', 16),
    (17, 'adjunto_autoridad_17.pdf', 'uploads/autoridades/adjunto_autoridad_17.pdf', 'application/pdf', 17),
    (18, 'adjunto_autoridad_18.pdf', 'uploads/autoridades/adjunto_autoridad_18.pdf', 'application/pdf', 18),
    (19, 'adjunto_autoridad_19.pdf', 'uploads/autoridades/adjunto_autoridad_19.pdf', 'application/pdf', 19),
    (20, 'adjunto_autoridad_20.pdf', 'uploads/autoridades/adjunto_autoridad_20.pdf', 'application/pdf', 20);

INSERT INTO document_categories (nombre, descripcion) VALUES
    ('Categoría 1', 'Documentación municipal 1'),
    ('Categoría 2', 'Documentación municipal 2'),
    ('Categoría 3', 'Documentación municipal 3'),
    ('Categoría 4', 'Documentación municipal 4'),
    ('Categoría 5', 'Documentación municipal 5'),
    ('Categoría 6', 'Documentación municipal 6'),
    ('Categoría 7', 'Documentación municipal 7'),
    ('Categoría 8', 'Documentación municipal 8'),
    ('Categoría 9', 'Documentación municipal 9'),
    ('Categoría 10', 'Documentación municipal 10'),
    ('Categoría 11', 'Documentación municipal 11'),
    ('Categoría 12', 'Documentación municipal 12'),
    ('Categoría 13', 'Documentación municipal 13'),
    ('Categoría 14', 'Documentación municipal 14'),
    ('Categoría 15', 'Documentación municipal 15'),
    ('Categoría 16', 'Documentación municipal 16'),
    ('Categoría 17', 'Documentación municipal 17'),
    ('Categoría 18', 'Documentación municipal 18'),
    ('Categoría 19', 'Documentación municipal 19'),
    ('Categoría 20', 'Documentación municipal 20');

INSERT INTO document_tags (nombre) VALUES
    ('Etiqueta 1'),
    ('Etiqueta 2'),
    ('Etiqueta 3'),
    ('Etiqueta 4'),
    ('Etiqueta 5'),
    ('Etiqueta 6'),
    ('Etiqueta 7'),
    ('Etiqueta 8'),
    ('Etiqueta 9'),
    ('Etiqueta 10'),
    ('Etiqueta 11'),
    ('Etiqueta 12'),
    ('Etiqueta 13'),
    ('Etiqueta 14'),
    ('Etiqueta 15'),
    ('Etiqueta 16'),
    ('Etiqueta 17'),
    ('Etiqueta 18'),
    ('Etiqueta 19'),
    ('Etiqueta 20');

INSERT INTO documents (titulo, descripcion, categoria_id, unidad_id, estado, created_by) VALUES
    ('Documento QA 1', 'Documento municipal 1 para QA', 1, 1, 'vigente', 1),
    ('Documento QA 2', 'Documento municipal 2 para QA', 2, 2, 'vigente', 2),
    ('Documento QA 3', 'Documento municipal 3 para QA', 3, 3, 'vigente', 3),
    ('Documento QA 4', 'Documento municipal 4 para QA', 4, 4, 'vigente', 4),
    ('Documento QA 5', 'Documento municipal 5 para QA', 5, 5, 'vigente', 5),
    ('Documento QA 6', 'Documento municipal 6 para QA', 6, 6, 'vigente', 6),
    ('Documento QA 7', 'Documento municipal 7 para QA', 7, 7, 'vigente', 7),
    ('Documento QA 8', 'Documento municipal 8 para QA', 8, 8, 'vigente', 8),
    ('Documento QA 9', 'Documento municipal 9 para QA', 9, 9, 'vigente', 9),
    ('Documento QA 10', 'Documento municipal 10 para QA', 10, 10, 'vigente', 10),
    ('Documento QA 11', 'Documento municipal 11 para QA', 11, 11, 'vigente', 11),
    ('Documento QA 12', 'Documento municipal 12 para QA', 12, 12, 'vigente', 12),
    ('Documento QA 13', 'Documento municipal 13 para QA', 13, 13, 'vigente', 13),
    ('Documento QA 14', 'Documento municipal 14 para QA', 14, 14, 'vigente', 14),
    ('Documento QA 15', 'Documento municipal 15 para QA', 15, 15, 'vigente', 15),
    ('Documento QA 16', 'Documento municipal 16 para QA', 16, 16, 'vigente', 16),
    ('Documento QA 17', 'Documento municipal 17 para QA', 17, 17, 'vigente', 17),
    ('Documento QA 18', 'Documento municipal 18 para QA', 18, 18, 'vigente', 18),
    ('Documento QA 19', 'Documento municipal 19 para QA', 19, 19, 'vigente', 19),
    ('Documento QA 20', 'Documento municipal 20 para QA', 20, 20, 'vigente', 20);

INSERT INTO document_versions (document_id, version, archivo_ruta, archivo_tipo, vencimiento, created_by) VALUES
    (1, 'v1.1', 'uploads/documentos/doc_1.pdf', 'application/pdf', '2026-12-31', 1),
    (2, 'v1.2', 'uploads/documentos/doc_2.pdf', 'application/pdf', '2026-12-31', 2),
    (3, 'v1.3', 'uploads/documentos/doc_3.pdf', 'application/pdf', '2026-12-31', 3),
    (4, 'v1.4', 'uploads/documentos/doc_4.pdf', 'application/pdf', '2026-12-31', 4),
    (5, 'v1.5', 'uploads/documentos/doc_5.pdf', 'application/pdf', '2026-12-31', 5),
    (6, 'v1.6', 'uploads/documentos/doc_6.pdf', 'application/pdf', '2026-12-31', 6),
    (7, 'v1.7', 'uploads/documentos/doc_7.pdf', 'application/pdf', '2026-12-31', 7),
    (8, 'v1.8', 'uploads/documentos/doc_8.pdf', 'application/pdf', '2026-12-31', 8),
    (9, 'v1.9', 'uploads/documentos/doc_9.pdf', 'application/pdf', '2026-12-31', 9),
    (10, 'v1.10', 'uploads/documentos/doc_10.pdf', 'application/pdf', '2026-12-31', 10),
    (11, 'v1.11', 'uploads/documentos/doc_11.pdf', 'application/pdf', '2026-12-31', 11),
    (12, 'v1.12', 'uploads/documentos/doc_12.pdf', 'application/pdf', '2026-12-31', 12),
    (13, 'v1.13', 'uploads/documentos/doc_13.pdf', 'application/pdf', '2026-12-31', 13),
    (14, 'v1.14', 'uploads/documentos/doc_14.pdf', 'application/pdf', '2026-12-31', 14),
    (15, 'v1.15', 'uploads/documentos/doc_15.pdf', 'application/pdf', '2026-12-31', 15),
    (16, 'v1.16', 'uploads/documentos/doc_16.pdf', 'application/pdf', '2026-12-31', 16),
    (17, 'v1.17', 'uploads/documentos/doc_17.pdf', 'application/pdf', '2026-12-31', 17),
    (18, 'v1.18', 'uploads/documentos/doc_18.pdf', 'application/pdf', '2026-12-31', 18),
    (19, 'v1.19', 'uploads/documentos/doc_19.pdf', 'application/pdf', '2026-12-31', 19),
    (20, 'v1.20', 'uploads/documentos/doc_20.pdf', 'application/pdf', '2026-12-31', 20);

INSERT INTO document_tag_links (document_id, tag_id) VALUES
    (1, 1),
    (2, 2),
    (3, 3),
    (4, 4),
    (5, 5),
    (6, 6),
    (7, 7),
    (8, 8),
    (9, 9),
    (10, 10),
    (11, 11),
    (12, 12),
    (13, 13),
    (14, 14),
    (15, 15),
    (16, 16),
    (17, 17),
    (18, 18),
    (19, 19),
    (20, 20);

INSERT INTO document_access (document_id, role_id) VALUES
    (1, 1),
    (2, 2),
    (3, 3),
    (4, 4),
    (5, 5),
    (6, 6),
    (7, 7),
    (8, 8),
    (9, 9),
    (10, 10),
    (11, 11),
    (12, 12),
    (13, 13),
    (14, 14),
    (15, 15),
    (16, 16),
    (17, 17),
    (18, 18),
    (19, 19),
    (20, 20);

INSERT INTO document_shares (document_id, user_id) VALUES
    (1, 1),
    (2, 2),
    (3, 3),
    (4, 4),
    (5, 5),
    (6, 6),
    (7, 7),
    (8, 8),
    (9, 9),
    (10, 10);

INSERT INTO approval_flows (nombre, entidad, unidad_id, sla_horas, estado) VALUES
    ('Flujo QA 1', 'Eventos', 1, 48, 'activo'),
    ('Flujo QA 2', 'Eventos', 2, 48, 'activo'),
    ('Flujo QA 3', 'Eventos', 3, 48, 'activo'),
    ('Flujo QA 4', 'Eventos', 4, 48, 'activo'),
    ('Flujo QA 5', 'Eventos', 5, 48, 'activo'),
    ('Flujo QA 6', 'Eventos', 6, 48, 'activo'),
    ('Flujo QA 7', 'Eventos', 7, 48, 'activo'),
    ('Flujo QA 8', 'Eventos', 8, 48, 'activo'),
    ('Flujo QA 9', 'Eventos', 9, 48, 'activo'),
    ('Flujo QA 10', 'Eventos', 10, 48, 'activo'),
    ('Flujo QA 11', 'Eventos', 11, 48, 'activo'),
    ('Flujo QA 12', 'Eventos', 12, 48, 'activo'),
    ('Flujo QA 13', 'Eventos', 13, 48, 'activo'),
    ('Flujo QA 14', 'Eventos', 14, 48, 'activo'),
    ('Flujo QA 15', 'Eventos', 15, 48, 'activo'),
    ('Flujo QA 16', 'Eventos', 16, 48, 'activo'),
    ('Flujo QA 17', 'Eventos', 17, 48, 'activo'),
    ('Flujo QA 18', 'Eventos', 18, 48, 'activo'),
    ('Flujo QA 19', 'Eventos', 19, 48, 'activo'),
    ('Flujo QA 20', 'Eventos', 20, 48, 'activo');

INSERT INTO approval_steps (flow_id, orden, responsable) VALUES
    (1, 1, 'Responsable QA 1'),
    (2, 1, 'Responsable QA 2'),
    (3, 1, 'Responsable QA 3'),
    (4, 1, 'Responsable QA 4'),
    (5, 1, 'Responsable QA 5'),
    (6, 1, 'Responsable QA 6'),
    (7, 1, 'Responsable QA 7'),
    (8, 1, 'Responsable QA 8'),
    (9, 1, 'Responsable QA 9'),
    (10, 1, 'Responsable QA 10'),
    (11, 1, 'Responsable QA 11'),
    (12, 1, 'Responsable QA 12'),
    (13, 1, 'Responsable QA 13'),
    (14, 1, 'Responsable QA 14'),
    (15, 1, 'Responsable QA 15'),
    (16, 1, 'Responsable QA 16'),
    (17, 1, 'Responsable QA 17'),
    (18, 1, 'Responsable QA 18'),
    (19, 1, 'Responsable QA 19'),
    (20, 1, 'Responsable QA 20');

INSERT INTO notification_rules (evento, destino, canal, estado) VALUES
    ('Operativo de Salud', 'destino1@qa.cl', 'email', 'activa'),
    ('Feria de Emprendimiento', 'destino2@qa.cl', 'email', 'activa'),
    ('Cabildo Vecinal', 'destino3@qa.cl', 'email', 'activa'),
    ('Taller de Prevención', 'destino4@qa.cl', 'email', 'activa'),
    ('Feria Costumbrista', 'destino5@qa.cl', 'email', 'activa'),
    ('Campaña de Reciclaje', 'destino6@qa.cl', 'email', 'activa'),
    ('Encuentro Deportivo', 'destino7@qa.cl', 'email', 'activa'),
    ('Charla Comunitaria', 'destino8@qa.cl', 'email', 'activa'),
    ('Festival Cultural', 'destino9@qa.cl', 'email', 'activa'),
    ('Operativo Veterinario', 'destino10@qa.cl', 'email', 'activa'),
    ('Expo Educativa', 'destino11@qa.cl', 'email', 'activa'),
    ('Reunión de Seguridad', 'destino12@qa.cl', 'email', 'activa'),
    ('Jornada de Participación', 'destino13@qa.cl', 'email', 'activa'),
    ('Operativo Social', 'destino14@qa.cl', 'email', 'activa'),
    ('Capacitación Municipal', 'destino15@qa.cl', 'email', 'activa'),
    ('Feria Laboral', 'destino16@qa.cl', 'email', 'activa'),
    ('Reunión de Coordinación', 'destino17@qa.cl', 'email', 'activa'),
    ('Encuentro de Adulto Mayor', 'destino18@qa.cl', 'email', 'activa'),
    ('Actividad Infantil', 'destino19@qa.cl', 'email', 'activa'),
    ('Mesa Territorial', 'destino20@qa.cl', 'email', 'activa');

INSERT INTO user_roles (user_id, role_id) VALUES
    (1, 1),
    (2, 2),
    (3, 3),
    (4, 4),
    (5, 5),
    (6, 6),
    (7, 7),
    (8, 8),
    (9, 9),
    (10, 10),
    (11, 11),
    (12, 12),
    (13, 13),
    (14, 14),
    (15, 15),
    (16, 16),
    (17, 17),
    (18, 18),
    (19, 19),
    (20, 20);

INSERT INTO role_permissions (role_id, permission_id) VALUES
    (1, 1),
    (2, 2),
    (3, 3),
    (4, 4),
    (5, 5),
    (6, 6),
    (7, 7),
    (8, 8),
    (9, 9),
    (10, 10),
    (11, 11),
    (12, 12),
    (13, 13),
    (14, 14),
    (15, 15),
    (16, 16),
    (17, 17),
    (18, 18),
    (19, 19),
    (20, 20);

INSERT INTO role_unit_permissions (role_id, unidad_id, permission_id) VALUES
    (1, 1, 1),
    (2, 2, 2),
    (3, 3, 3),
    (4, 4, 4),
    (5, 5, 5),
    (6, 6, 6),
    (7, 7, 7),
    (8, 8, 8),
    (9, 9, 9),
    (10, 10, 10),
    (11, 11, 11),
    (12, 12, 12),
    (13, 13, 13),
    (14, 14, 14),
    (15, 15, 15),
    (16, 16, 16),
    (17, 17, 17),
    (18, 18, 18),
    (19, 19, 19),
    (20, 20, 20);

INSERT INTO municipalidad (nombre, rut, direccion, telefono, correo, logo_path, logo_topbar_height, logo_sidenav_height, logo_sidenav_height_sm, color_primary, color_secondary) VALUES
    ('Municipalidad de Go Muni', '76.123.456-7', 'Av. Principal 123', '+56 2 2345 6789', 'contacto@gomuni.cl', 'assets/images/logo.png', 56, 48, 36, '#1f6feb', '#0ea5e9');

INSERT INTO notificacion_correos (correo_imap, password_imap, host_imap, puerto_imap, seguridad_imap, from_nombre, from_correo) VALUES
    ('notificaciones@gomuni.cl', 'DemoPass123', 'imap.gomuni.cl', 993, 'ssl', 'Go Muni', 'notificaciones@gomuni.cl');

INSERT INTO notification_settings (canal_email, canal_sms, canal_app, frecuencia) VALUES
    (1, 0, 1, 'diario');

INSERT INTO audit_logs (user_id, tabla, accion, registro_id, descripcion) VALUES
    (1, 'events', 'crear', 1, 'Evento creado desde QA'),
    (2, 'authorities', 'crear', 2, 'Autoridad creada desde QA'),
    (3, 'documents', 'crear', 3, 'Documento creado desde QA'),
    (4, 'users', 'actualizar', 4, 'Usuario actualizado desde QA'),
    (5, 'roles', 'crear', 5, 'Rol creado desde QA'),
    (6, 'document_categories', 'crear', 6, 'Categoría creada desde QA'),
    (7, 'document_tags', 'crear', 7, 'Etiqueta creada desde QA'),
    (8, 'event_authorities', 'actualizar', 8, 'Asignación de autoridades actualizada'),
    (9, 'document_shares', 'crear', 9, 'Documento compartido'),
    (10, 'notification_settings', 'actualizar', 1, 'Configuración de notificaciones actualizada');

INSERT INTO user_sessions (user_id, session_id, ip, user_agent, last_activity) VALUES
    (1, 'sess-1', '192.168.1.1', 'QA Agent 1', NOW()),
    (2, 'sess-2', '192.168.1.2', 'QA Agent 2', NOW()),
    (3, 'sess-3', '192.168.1.3', 'QA Agent 3', NOW()),
    (4, 'sess-4', '192.168.1.4', 'QA Agent 4', NOW()),
    (5, 'sess-5', '192.168.1.5', 'QA Agent 5', NOW()),
    (6, 'sess-6', '192.168.1.6', 'QA Agent 6', NOW()),
    (7, 'sess-7', '192.168.1.7', 'QA Agent 7', NOW()),
    (8, 'sess-8', '192.168.1.8', 'QA Agent 8', NOW()),
    (9, 'sess-9', '192.168.1.9', 'QA Agent 9', NOW()),
    (10, 'sess-10', '192.168.1.10', 'QA Agent 10', NOW()),
    (11, 'sess-11', '192.168.1.11', 'QA Agent 11', NOW()),
    (12, 'sess-12', '192.168.1.12', 'QA Agent 12', NOW()),
    (13, 'sess-13', '192.168.1.13', 'QA Agent 13', NOW()),
    (14, 'sess-14', '192.168.1.14', 'QA Agent 14', NOW()),
    (15, 'sess-15', '192.168.1.15', 'QA Agent 15', NOW()),
    (16, 'sess-16', '192.168.1.16', 'QA Agent 16', NOW()),
    (17, 'sess-17', '192.168.1.17', 'QA Agent 17', NOW()),
    (18, 'sess-18', '192.168.1.18', 'QA Agent 18', NOW()),
    (19, 'sess-19', '192.168.1.19', 'QA Agent 19', NOW()),
    (20, 'sess-20', '192.168.1.20', 'QA Agent 20', NOW());
